<?xml version="1.0" encoding="UTF-8"?>

<magic-number-class-mapping>
    <class id="1" name="org.jgroups.stack.IpAddress"/>
    <class id="2" name="org.jgroups.protocols.CAUSAL$CausalHeader"/>
    <class id="3" name="org.jgroups.protocols.FD$FdHeader"/>
    <class id="6" name="org.jgroups.protocols.FD_SOCK$FdHeader"/>
    <class id="7" name="org.jgroups.protocols.FragHeader"/>
    <class id="13" name="org.jgroups.protocols.PingHeader"/>
    <class id="21" name="org.jgroups.protocols.UNICAST$UnicastHeader"/>
    <class id="22" name="org.jgroups.protocols.VERIFY_SUSPECT$VerifyHeader"/>
    <class id="24" name="org.jgroups.protocols.pbcast.GMS$GmsHeader"/>
    <class id="25" name="org.jgroups.protocols.pbcast.NakAckHeader"/>
    <class id="27" name="org.jgroups.protocols.pbcast.STABLE$StableHeader"/>
    <class id="28" name="org.jgroups.protocols.pbcast.STATE_TRANSFER$StateHeader"/>
    <class id="29" name="org.jgroups.protocols.SMACK$SmackHeader"/>
    <class id="30" name="org.jgroups.Message"/>
    <class id="31" name="org.jgroups.View"/>
    <class id="32" name="org.jgroups.ViewId"/>
    <class id="34" name="org.jgroups.Address"/>
    <class id="35" name="org.jgroups.blocks.RequestCorrelator$Header"/>
    <class id="36" name="org.jgroups.protocols.PingRsp"/>
    <class id="38" name="java.util.Vector"/>
    <class id="39" name="org.jgroups.protocols.pbcast.JoinRsp"/>
    <class id="40" name="org.jgroups.util.Digest"/>
    <class id="41" name="java.util.Hashtable"/>
    <class id="53" name="org.jgroups.protocols.COMPRESS$CompressHeader"/>
    <class id="54" name="org.jgroups.protocols.FC$FcHeader"/>
    <class id="56" name="org.jgroups.protocols.TpHeader"/>
    <class id="57" name="org.jgroups.protocols.ENCRYPT$EncryptHeader"/>
    <class id="58" name="org.jgroups.protocols.SEQUENCER$SequencerHeader"/>
    <class id="59" name="org.jgroups.protocols.FD_SIMPLE$FdHeader"/>
    <class id="60" name="org.jgroups.protocols.VIEW_SYNC$ViewSyncHeader"/>
    <class id="61" name="org.jgroups.protocols.FD_ALL$Header"/>
    <class id="62" name="org.jgroups.protocols.SFC$Header"/>
    <class id="63" name="org.jgroups.mux.MuxHeader"/>
    <class id="64" name="org.jgroups.protocols.pbcast.FLUSH$FlushHeader"/>
    <class id="65" name="org.jgroups.protocols.pbcast.STREAMING_STATE_TRANSFER$StateHeader"/>
    <class id="66" name="org.jgroups.blocks.PullPushAdapter$PullHeader"/>
    <class id="67" name="org.jgroups.protocols.AuthHeader"/>
</magic-number-class-mapping>
