

<!-- ************ JGroups Protocol Stack Configuration ************** -->
<!-- generated by XmlConfigurator on Mon Apr 26 11:26:11 PDT 2004 -->
<!-- input file: pbcast.old.xml -->

<config>
    <UDP mcast_recv_buf_size="80000" mcast_send_buf_size="150000" mcast_port="45566" mcast_addr="228.8.8.8"
         ip_ttl="32"/>
    <PING timeout="2000" num_initial_members="3"/>
    <MERGE2 max_interval="10000" min_interval="5000"/>
    <pbcast.FD />
    <VERIFY_SUSPECT timeout="1500"/>
    <pbcast.PBCAST desired_avg_gossip="8000" max_queue="20" gc_lag="30" mcast_gossip="true"/>
    <UNICAST timeout="1200,2400,3000"/>
    <FRAG frag_size="8192"  />
    <pbcast.GMS print_local_addr="true" join_timeout="3000" shun="true"/>
</config>
