<!-- Config to experiment with pulling the ethernet cables, pulling the power plug on the switch etc...
 -->

<config>
    <UDP bind_addr="yourhost"
         mcast_port="45566" 
         mcast_addr="228.10.10.10"
         tos="16"
         ucast_recv_buf_size="20000000"
         ucast_send_buf_size="640000"
         mcast_recv_buf_size="25000000" 
         mcast_send_buf_size="640000" 
         loopback="true"
         discard_incompatible_packets="true"
         max_bundle_size="64000"
         max_bundle_timeout="30"
         ip_ttl="2"
         enable_bundling="true"/>
    <PING timeout="2000"
            num_initial_members="3"/>
    <MERGE2 max_interval="100000"
              min_interval="20000"/>
    <FD_SOCK/>
    <FD timeout="2000" max_tries="3"   />
    <VERIFY_SUSPECT timeout="1500"  />
    <pbcast.NAKACK
                   use_mcast_xmit="false" gc_lag="0"
                   retransmit_timeout="100,200,300,600,1200,2400,4800"
                   discard_delivered_msgs="true"/>
    <UNICAST timeout="300,600,1200,2400,3600"/>
    <pbcast.STABLE stability_delay="1000" desired_avg_gossip="50000" 
                   max_bytes="400000"/>
    <VIEW_SYNC avg_send_interval="60000"   />
    <pbcast.GMS print_local_addr="true" join_timeout="3000" 
                shun="true"/>
     <FC max_credits="2000000"
         min_threshold="0.10"/>
    <FRAG2 frag_size="60000"  />
    <pbcast.STATE_TRANSFER  />
</config>
