

<!-- ************ JGroups Protocol Stack Configuration ************** -->
<!-- generated by XmlConfigurator on Mon Apr 26 11:26:18 PDT 2004 -->
<!-- input file: tcpgossip.old.xml -->

<config>
    <TCP bind_port="7800" bind_addr="localhost" loopback="true"/>
    <TCPGOSSIP timeout="3000" initial_hosts="localhost[12000]" num_initial_members="3"/>
    <FD timeout="2000" max_tries="4"/>
    <VERIFY_SUSPECT timeout="1500"  />
    <pbcast.NAKACK gc_lag="100" retransmit_timeout="600,1200,2400,4800"/>
    <UNICAST timeout="300,600,1200" />
    <pbcast.STABLE stability_delay="1000" desired_avg_gossip="20000"  max_bytes="0" />
    <VIEW_SYNC avg_send_interval="60000"/>
    <pbcast.GMS print_local_addr="true" join_timeout="5000" shun="true"/>
</config>
