<?xml version="1.0" encoding="UTF-8"?>
<project xmlns="http://maven.apache.org/POM/4.0.0"
         xmlns:xsi="http://www.w3.org/2001/XMLSchema-instance"
         xsi:schemaLocation="http://maven.apache.org/POM/4.0.0 http://maven.apache.org/maven-v4_0_0.xsd">

   <modelVersion>4.0.0</modelVersion>
  <groupId>jgroups</groupId>
   <artifactId>jgroups</artifactId>
   <name>JGroups</name>
   <version>2.7.0.GA</version>
   <url>http://www.jgroups.org</url>
   <build>
      <sourceDirectory>src</sourceDirectory>
      <testSourceDirectory>tests</testSourceDirectory>
      <testResources>
         <testResource>
            <directory>conf</directory>
            <includes>
               <include>**/*.xml</include>
            </includes>
         </testResource>
      </testResources>
      <plugins>
         <plugin>
            <artifactId>maven-compiler-plugin</artifactId>
            <configuration>
               <source>1.5</source>
               <target>1.5</target>
               <testIncludes>
                  <include>functional/**/*.java</include>
               </testIncludes>
            </configuration>
         </plugin>
         <plugin>
            <artifactId>maven-surefire-plugin</artifactId>
            <configuration>
               <testFailureIgnore>true</testFailureIgnore>
            </configuration>
         </plugin>
      </plugins>
   </build>
   <repositories>
      <repository>
         <id>jboss</id>
         <name>JBoss Inc. Repository</name>
         <url>http://repository.jboss.com/maven2/</url>
         <snapshots>
            <enabled>true</enabled>
         </snapshots>
      </repository>
   </repositories>
   <dependencies>
      <dependency>
         <groupId>ant</groupId>
         <artifactId>ant</artifactId>
         <version>1.6.5</version>
		 <optional>true</optional>
      </dependency>
      <dependency>
         <groupId>ant</groupId>
         <artifactId>ant-junit</artifactId>
         <version>1.6.5</version>
		 <optional>true</optional>
      </dependency>
      <dependency>
         <groupId>junit</groupId>
         <artifactId>junit</artifactId>
         <version>3.8.1</version>
		 <scope>test</scope>
      </dependency>
   </dependencies>
</project>