<?xml version="1.0" encoding="utf-8" standalone="no" ?><!DOCTYPE asf SYSTEM "http://ns.adobe.com/asf/asf_1_0.dtd"><asf locale="en_US" version="1.0" xmlns="http://ns.adobe.com/asf">
   <str name="ERROR__CAPTION__ADOBE_AIR" translate="yes">
     <val>Adobe AIR</val> 
   </str>
   <str name="ERROR__DAMAGED_APPLICATION" translate="yes">
     <val>このアプリケーションは正しくインストールされていません。再インストールするか、発行者にお問い合わせください。</val> 
   </str>
   <str name="HTML_CONTEXTMENU__NAVIGATION__STOP" translate="yes">
     <val>停止</val> 
   </str>
   <str name="HTML_CONTEXTMENU__NAVIGATION__RELOAD" translate="yes">
     <val>再読み込み</val> 
   </str>
   <str name="HTML_CONTEXTMENU__NAVIGATION__GO_BACK" translate="yes">
     <val>戻る</val> 
   </str>
   <str name="HTML_CONTEXTMENU__NAVIGATION__GO_FORWARD" translate="yes">
     <val>進む</val> 
   </str>
   <str name="HTML_CONTEXTMENU__NAVIGATION__OPEN_FRAME_IN_NEW_WINDOW" translate="yes">
     <val>フレームを新規ウィンドウで開く</val> 
   </str>
   <str name="HTML_CONTEXTMENU__NAVIGATION__OPEN_LINK" translate="yes">
     <val>リンクを開く</val> 
   </str>
   <str name="HTML_CONTEXTMENU__NAVIGATION__OPEN_LINK_IN_NEW_WINDOW" translate="yes">
     <val>リンクを新規ウィンドウで開く</val> 
   </str>
   <str name="HTML_CONTEXTMENU__NAVIGATION__DOWNLOAD_LINKED_FILE" translate="yes">
     <val>リンクされているファイルをダウンロード</val> 
   </str>
   <str name="HTML_CONTEXTMENU__NAVIGATION__OPEN_IMAGE_IN_NEW_WINDOW" translate="yes">
     <val>画像を新規ウィンドウで開く</val> 
   </str>
   <str name="HTML_CONTEXTMENU__NAVIGATION__DOWNLOAD_IMAGE" translate="yes">
     <val>画像をダウンロード</val> 
   </str>
   <str name="HTML_CONTEXTMENU__EDIT__COPY_LINK" translate="yes">
     <val>リンクをコピー</val> 
   </str>
   <str name="HTML_CONTEXTMENU__EDIT__COPY_IMAGE" translate="yes">
     <val>画像をコピー</val> 
   </str>
   <str name="HTML_CONTEXTMENU__SEARCH__SEARCH_THE_WEB" translate="yes">
     <val>Web を検索</val> 
   </str>
   <str name="HTML_CONTEXTMENU__SPELLING__SEARCH_IN_DICTIONARY" translate="yes">
     <val>辞書を検索</val> 
   </str>
   <str name="HTML_CONTEXTMENU__SPELLING__NO_GUESSES_FOUND" translate="yes">
     <val>予測される単語が見つかりませんでした</val> 
   </str>
   <str name="HTML_CONTEXTMENU__SPELLING__IGNORE_SPELLING" translate="yes">
     <val>スペルを無視</val> 
   </str>
   <str name="HTML_CONTEXTMENU__SPELLING__LEARN_SPELLING" translate="yes">
     <val>スペルを学習</val> 
   </str>
   <str name="HTML_CONTEXTMENU__SPELLING__IGNORE_GRAMMAR" translate="yes">
     <val>文法を無視</val> 
   </str>
   <str name="HTML_CONTEXTMENU__SPELLING__SPELLING_AND_GRAMMAR" translate="yes">
     <val>スペルと文法</val> 
   </str>
   <str name="HTML_CONTEXTMENU__SPELLING__SHOW" translate="yes">
     <val>スペルと文法を表示</val> 
   </str>
	<str name="HTML_CONTEXTMENU__SPELLING__HIDE" translate="yes">
		<val>スペルと文法を隠す</val>
	</str>
	<str name="HTML_CONTEXTMENU__SPELLING__CHECK_SPELLING" translate="yes">
     <val>スペルチェック</val> 
   </str>
   <str name="HTML_CONTEXTMENU__SPELLING__CHECK_WHILE_TYPING" translate="yes">
     <val>入力時にスペルをチェック</val> 
   </str>
   <str name="HTML_CONTEXTMENU__SPELLING__CHECK_GRAMMAR" translate="yes">
     <val>スペルと文法をチェック</val> 
   </str>
	<str name="HTML_CONTEXTMENU__INSPECT__ELEMENT" translate="yes">
		<val>要素を確認</val>
	</str>	
   <str name="HTML_CONTEXTMENU__FONTS" translate="yes">
     <val>フォント</val> 
   </str>
   <str name="HTML_CONTEXTMENU__STYLE__BOLD" translate="yes">
     <val>ボールド</val> 
   </str>
   <str name="HTML_CONTEXTMENU__STYLE__ITALICS" translate="yes">
     <val>イタリック</val> 
   </str>
   <str name="HTML_CONTEXTMENU__STYLE__UNDERLINE" translate="yes">
     <val>アンダーライン</val> 
   </str>
   <str name="HTML_CONTEXTMENU__STYLE__OUTLINE" translate="yes">
     <val>アウトライン</val> 
   </str>
   <str name="HTML_CONTEXTMENU__STYLE__WRITING_DIRECTION" translate="yes">
     <val>入力方向</val> 
   </str>
   <str name="HTML_CONTEXTMENU__STYLE__WRITING_DIRECTION__DEFAULT" translate="yes">
     <val>デフォルト</val> 
   </str>
   <str name="HTML_CONTEXTMENU__STYLE__WRITING_DIRECTION__LEFT_TO_RIGHT" translate="yes">
     <val>左から右へ</val> 
   </str>
   <str name="HTML_CONTEXTMENU__STYLE__WRITING_DIRECTION__RIGHT_TO_LEFT" translate="yes">
     <val>右から左へ</val> 
   </str>
  <str name="EDIT__CUT" translate="yes">
    <val>カット</val>
  </str>
  <str name="EDIT__COPY" translate="yes">
    <val>コピー</val>
  </str>
  <str name="EDIT__PASTE" translate="yes">
    <val>ペースト</val>
  </str>
  <str name="EDIT__SELECT_ALL" translate="yes">
    <val>すべてを選択</val>
  </str>
  <str name="EDIT__DELETE" translate="yes">
    <val>削除</val>
  </str>
  <str name="HTML_RESET_BUTTON_DEFAULT" translate="yes">
    <val>リセット</val>
  </str>
  <str name="HTML_INPUT_ELEMENT_ALT_TEXT" translate="yes">
	<val>送信</val>
  </str>	
  <str name="HTML_FILE_BUTTON_CHOOSE_FILE" translate="yes">
    <val>参照...</val>
  </str>
  <str name="HTML_SEARCHABLE_INDEX_INTRO" translate="yes">
    <val>検索可能なインデックス</val>
  </str>
  <str name="HTML_SUBMIT_BUTTON_DEFAULT" translate="yes">
    <val>送信</val>
  </str>
  <str name="HTML_UNKNOWN_FILE_SIZE" translate="yes">
    <val>不明</val>
  </str>
  <str name="HTML_UNKNOWN_FILE_SIZE" translate="yes">
	<val>不明</val>
  </str>
	<str name="HTML_SEARCH_MENU__CLEAR_RECENT_SEARCHES" translate="yes">
		<val>最近検索した項目を消去</val>
	</str>
	<str name="HTML_SEARCH_MENU__NO_RECENT_SEARCHES" translate="yes">
		<val>最近検索した項目はありません</val>
	</str>
	<str name="HTML_SEARCH_MENU__RECENT_SEARCHES" translate="yes">
		<val>最近検索した項目</val>
	</str>
	<str name="HTML_IMAGE_TITLE" translate="yes">
		<val>%s (%dx%d ピクセル)</val>
	</str>
  <str name="HTML_AX_WEB_AREA" translate="yes">
    <!-- accessibility role description for web area -->
    <val>HTML コンテンツ</val>
  </str>
  <str name="HTML_AX_LINK" translate="yes">
    <!-- accessibility role description for web area -->
    <val>リンク</val>
  </str>
  <str name="HTML_AX_LIST_MARKER" translate="yes">
    <!-- accessibility role description for list marker -->
    <val>リストマーカー</val>
  </str>
  <str name="HTML_AX_IMAGE_MAP" translate="yes">
    <!-- accessibility role description for image map -->
    <val>画像マップ</val>
  </str>
  <str name="HTML_AX_HEADING" translate="yes">
    <!-- accessibility role description for headings -->
    <val>見出し</val>
  </str>
  <str name="HTML_AX_BUTTON_ACTION_VERB" translate="yes">
    <!-- Verb stating the action that will occur when a button is pressed, as used by accessibility -->
    <val>押す</val>
  </str>
  <str name="HTML_AX_RADIO_BUTTON_ACTION_VERB" translate="yes">
    <!-- Verb stating the action that will occur when a radio button is clicked, as used by accessibility -->
    <val>選択</val>
  </str>
  <str name="HTML_AX_TEXT_FIELD_ACTION_VERB" translate="yes">
    <!-- Verb stating the action that will occur when a text field is selected, as used by accessibility -->
    <val>有効化</val>
  </str>
  <str name="HTML_AX_CHECKED_CHECK_BOX_ACTION_VERB" translate="yes">
    <!-- Verb stating the action that will occur when a checked checkbox is clicked, as used by accessibility -->
    <val>チェック解除</val>
  </str>
  <str name="HTML_AX_UNCHECKED_CHECK_BOX_ACTION_VERB" translate="yes">
    <!-- Verb stating the action that will occur when an unchecked checkbox is clicked, as used by accessibility -->
    <val>チェック</val>
  </str>
  <str name="HTML_AX_LINK_ACTION_VERB" translate="yes">
    <!-- Verb stating the action that will occur when a link is clicked, as used by accessibility -->
    <val>移動</val>
  </str>
</asf>